"No. Paquete","Hora","IP Origen","IP Destino","Protocolo","Longitud","Puerto Origen","Puerto Destino","Flags TCP","Tipo Servicio","ID IP"
"1","19:40:56","10.0.2.15","40.89.244.232","ICMP","98","8","0","N/A","0x00","64912"
"2","19:40:56","40.89.244.232","10.0.2.15","ICMP","98","0","0","N/A","0x00","25904"
"3","19:40:56","10.0.2.15","10.0.2.3","UDP","97","43013","53","N/A","0x00","23743"
"4","19:40:56","10.0.2.3","10.0.2.15","UDP","171","53","43013","N/A","0x00","25905"
"5","19:40:56","10.0.2.15","10.0.2.3","UDP","86","43013","53","N/A","0x00","23744"
"6","19:40:56","10.0.2.3","10.0.2.15","UDP","86","53","43013","N/A","0x00","25906"
"7","19:40:57","10.0.2.15","40.89.244.232","ICMP","98","8","0","N/A","0x00","65216"
"8","19:40:57","40.89.244.232","10.0.2.15","ICMP","98","0","0","N/A","0x00","25907"
"9","19:40:57","10.0.2.15","10.0.2.3","UDP","97","54808","53","N/A","0x00","62286"
"10","19:40:57","10.0.2.3","10.0.2.15","UDP","171","53","54808","N/A","0x00","25908"
"11","19:40:57","10.0.2.15","10.0.2.3","UDP","86","54808","53","N/A","0x00","62287"
"12","19:40:57","10.0.2.3","10.0.2.15","UDP","86","53","54808","N/A","0x00","25909"
"13","19:40:58","10.0.2.15","40.89.244.232","ICMP","98","8","0","N/A","0x00","178"
"14","19:40:58","40.89.244.232","10.0.2.15","ICMP","98","0","0","N/A","0x00","25910"
"15","19:40:58","10.0.2.15","10.0.2.3","UDP","97","33958","53","N/A","0x00","5006"
"16","19:40:58","10.0.2.3","10.0.2.15","UDP","97","53","33958","N/A","0x00","25911"
"17","19:40:58","10.0.2.15","10.0.2.3","UDP","86","33958","53","N/A","0x00","5007"
"18","19:40:58","10.0.2.3","10.0.2.15","UDP","86","53","33958","N/A","0x00","25912"
"19","19:40:59","10.0.2.15","40.89.244.232","ICMP","98","8","0","N/A","0x00","520"
"20","19:40:59","40.89.244.232","10.0.2.15","ICMP","98","0","0","N/A","0x00","25913"
"21","19:40:59","10.0.2.15","10.0.2.3","UDP","97","54448","53","N/A","0x00","21678"
"22","19:40:59","10.0.2.3","10.0.2.15","UDP","97","53","54448","N/A","0x00","25914"
"23","19:40:59","10.0.2.15","10.0.2.3","UDP","86","54448","53","N/A","0x00","21679"
"24","19:40:59","10.0.2.3","10.0.2.15","UDP","86","53","54448","N/A","0x00","25915"
"25","19:41:00","10.0.2.15","40.89.244.232","ICMP","98","8","0","N/A","0x00","1509"
"26","19:41:00","40.89.244.232","10.0.2.15","ICMP","98","0","0","N/A","0x00","25916"
"27","19:41:00","10.0.2.15","10.0.2.3","UDP","97","39427","53","N/A","0x00","931"
"28","19:41:00","10.0.2.3","10.0.2.15","UDP","97","53","39427","N/A","0x00","25917"
"29","19:41:00","10.0.2.15","10.0.2.3","UDP","86","39427","53","N/A","0x00","932"
"30","19:41:00","10.0.2.3","10.0.2.15","UDP","86","53","39427","N/A","0x00","25918"
"31","19:41:01","10.0.2.15","40.89.244.232","ICMP","98","8","0","N/A","0x00","2329"
"32","19:41:01","40.89.244.232","10.0.2.15","ICMP","98","0","0","N/A","0x00","25919"
"33","19:41:01","10.0.2.15","10.0.2.3","UDP","97","45449","53","N/A","0x00","19670"
"34","19:41:01","10.0.2.3","10.0.2.15","UDP","97","53","45449","N/A","0x00","25920"
"35","19:41:01","10.0.2.15","10.0.2.3","UDP","86","45449","53","N/A","0x00","19671"
"36","19:41:01","10.0.2.3","10.0.2.15","UDP","86","53","45449","N/A","0x00","25921"
"37","19:41:02","10.0.2.15","40.89.244.232","ICMP","98","8","0","N/A","0x00","3002"
"38","19:41:02","40.89.244.232","10.0.2.15","ICMP","98","0","0","N/A","0x00","25922"
"39","19:41:02","10.0.2.15","10.0.2.3","UDP","97","53247","53","N/A","0x00","41052"
"40","19:41:02","10.0.2.3","10.0.2.15","UDP","97","53","53247","N/A","0x00","25923"
"41","19:41:02","10.0.2.15","10.0.2.3","UDP","86","53247","53","N/A","0x00","41053"
"42","19:41:02","10.0.2.3","10.0.2.15","UDP","86","53","53247","N/A","0x00","25924"
"43","19:41:02","10.0.2.15","20.127.250.238","TCP","54","40556","443","ACK","0x00","5355"
"44","19:41:02","20.127.250.238","10.0.2.15","TCP","60","443","40556","ACK","0x00","25925"
"45","19:41:03","10.0.2.15","40.89.244.232","ICMP","98","8","0","N/A","0x00","3042"
"46","19:41:03","10.0.2.15","157.90.91.75","TCP","54","44354","443","ACK","0x00","15828"
"47","19:41:03","157.90.91.75","10.0.2.15","TCP","60","443","44354","ACK","0x00","25926"
"48","19:41:03","40.89.244.232","10.0.2.15","ICMP","98","0","0","N/A","0x00","25927"
"49","19:41:03","10.0.2.15","10.0.2.3","UDP","97","35006","53","N/A","0x00","5487"
"50","19:41:03","10.0.2.3","10.0.2.15","UDP","97","53","35006","N/A","0x00","25928"
"51","19:41:03","10.0.2.15","10.0.2.3","UDP","86","35006","53","N/A","0x00","5488"
"52","19:41:03","10.0.2.3","10.0.2.15","UDP","86","53","35006","N/A","0x00","25929"
"53","19:41:04","10.0.2.15","40.89.244.232","ICMP","98","8","0","N/A","0x00","3886"
"54","19:41:04","40.89.244.232","10.0.2.15","ICMP","98","0","0","N/A","0x00","25930"
"55","19:41:04","10.0.2.15","10.0.2.3","UDP","97","37834","53","N/A","0x00","6214"
"56","19:41:04","10.0.2.3","10.0.2.15","UDP","97","53","37834","N/A","0x00","25931"
"57","19:41:04","10.0.2.15","10.0.2.3","UDP","86","37834","53","N/A","0x00","6215"
"58","19:41:04","10.0.2.3","10.0.2.15","UDP","86","53","37834","N/A","0x00","25932"
"59","19:41:05","10.0.2.15","40.89.244.232","ICMP","98","8","0","N/A","0x00","4470"
"60","19:41:05","40.89.244.232","10.0.2.15","ICMP","98","0","0","N/A","0x00","25933"
"61","19:41:05","10.0.2.15","10.0.2.3","UDP","97","43458","53","N/A","0x00","53636"
"62","19:41:05","10.0.2.3","10.0.2.15","UDP","97","53","43458","N/A","0x00","25934"
"63","19:41:05","10.0.2.15","10.0.2.3","UDP","86","43458","53","N/A","0x00","53637"
"64","19:41:05","10.0.2.3","10.0.2.15","UDP","86","53","43458","N/A","0x00","25935"
"65","19:41:06","10.0.2.15","40.89.244.232","ICMP","98","8","0","N/A","0x00","4519"
"66","19:41:06","40.89.244.232","10.0.2.15","ICMP","98","0","0","N/A","0x00","25936"
"67","19:41:06","10.0.2.15","10.0.2.3","UDP","97","56292","53","N/A","0x00","21897"
"68","19:41:06","10.0.2.3","10.0.2.15","UDP","97","53","56292","N/A","0x00","25937"
"69","19:41:06","10.0.2.15","10.0.2.3","UDP","86","56292","53","N/A","0x00","21898"
"70","19:41:06","10.0.2.3","10.0.2.15","UDP","86","53","56292","N/A","0x00","25938"
"71","19:41:07","10.0.2.15","40.89.244.232","ICMP","98","8","0","N/A","0x00","5004"
"72","19:41:07","40.89.244.232","10.0.2.15","ICMP","98","0","0","N/A","0x00","25939"
"73","19:41:07","10.0.2.15","10.0.2.3","UDP","97","51715","53","N/A","0x00","47155"
"74","19:41:07","10.0.2.3","10.0.2.15","UDP","97","53","51715","N/A","0x00","25940"
"75","19:41:07","10.0.2.15","10.0.2.3","UDP","86","51715","53","N/A","0x00","47156"
"76","19:41:07","10.0.2.3","10.0.2.15","UDP","86","53","51715","N/A","0x00","25941"
"77","19:41:08","10.0.2.15","40.89.244.232","ICMP","98","8","0","N/A","0x00","5348"
"78","19:41:08","40.89.244.232","10.0.2.15","ICMP","98","0","0","N/A","0x00","25942"
"79","19:41:08","10.0.2.15","10.0.2.3","UDP","97","36773","53","N/A","0x00","33342"
"80","19:41:08","10.0.2.3","10.0.2.15","UDP","97","53","36773","N/A","0x00","25943"
"81","19:41:08","10.0.2.15","10.0.2.3","UDP","86","36773","53","N/A","0x00","33343"
"82","19:41:08","10.0.2.3","10.0.2.15","UDP","86","53","36773","N/A","0x00","25944"
"83","19:41:09","10.0.2.15","40.89.244.232","ICMP","98","8","0","N/A","0x00","5444"
"84","19:41:09","40.89.244.232","10.0.2.15","ICMP","98","0","0","N/A","0x00","25945"
"85","19:41:09","10.0.2.15","10.0.2.3","UDP","97","54051","53","N/A","0x00","15423"
"86","19:41:09","10.0.2.3","10.0.2.15","UDP","97","53","54051","N/A","0x00","25946"
"87","19:41:09","10.0.2.15","10.0.2.3","UDP","86","54051","53","N/A","0x00","15424"
"88","19:41:09","10.0.2.3","10.0.2.15","UDP","86","53","54051","N/A","0x00","25947"
"89","19:41:10","10.0.2.15","40.89.244.232","ICMP","98","8","0","N/A","0x00","5978"
"90","19:41:10","40.89.244.232","10.0.2.15","ICMP","98","0","0","N/A","0x00","25948"
"91","19:41:10","10.0.2.15","10.0.2.3","UDP","97","52981","53","N/A","0x00","36944"
"92","19:41:10","10.0.2.3","10.0.2.15","UDP","97","53","52981","N/A","0x00","25949"
"93","19:41:10","10.0.2.15","10.0.2.3","UDP","86","52981","53","N/A","0x00","36945"
"94","19:41:10","10.0.2.3","10.0.2.15","UDP","86","53","52981","N/A","0x00","25950"
"95","19:41:11","10.0.2.15","40.89.244.232","ICMP","98","8","0","N/A","0x00","6061"
"96","19:41:11","40.89.244.232","10.0.2.15","ICMP","98","0","0","N/A","0x00","25951"
"97","19:41:11","10.0.2.15","10.0.2.3","UDP","97","35605","53","N/A","0x00","1422"
"98","19:41:11","10.0.2.3","10.0.2.15","UDP","97","53","35605","N/A","0x00","25952"
"99","19:41:11","10.0.2.15","10.0.2.3","UDP","86","35605","53","N/A","0x00","1423"
"100","19:41:11","10.0.2.3","10.0.2.15","UDP","86","53","35605","N/A","0x00","25953"
"101","19:41:12","10.0.2.15","40.89.244.232","ICMP","98","8","0","N/A","0x00","6163"
"102","19:41:12","40.89.244.232","10.0.2.15","ICMP","98","0","0","N/A","0x00","25954"
"103","19:41:12","10.0.2.15","10.0.2.3","UDP","97","41685","53","N/A","0x00","2449"
"104","19:41:12","10.0.2.3","10.0.2.15","UDP","97","53","41685","N/A","0x00","25955"
"105","19:41:12","10.0.2.15","10.0.2.3","UDP","86","41685","53","N/A","0x00","2450"
"106","19:41:12","10.0.2.3","10.0.2.15","UDP","86","53","41685","N/A","0x00","25956"
"107","19:41:13","10.0.2.15","40.89.244.232","ICMP","98","8","0","N/A","0x00","6774"
"108","19:41:13","40.89.244.232","10.0.2.15","ICMP","98","0","0","N/A","0x00","25957"
"109","19:41:13","10.0.2.15","10.0.2.3","UDP","97","55473","53","N/A","0x00","6073"
"110","19:41:13","10.0.2.3","10.0.2.15","UDP","97","53","55473","N/A","0x00","25958"
"111","19:41:13","10.0.2.15","10.0.2.3","UDP","86","55473","53","N/A","0x00","6074"
"112","19:41:13","10.0.2.3","10.0.2.15","UDP","86","53","55473","N/A","0x00","25959"
"113","19:41:13","10.0.2.15","10.0.2.3","UDP","100","60280","53","N/A","0x00","60044"
"114","19:41:13","10.0.2.3","10.0.2.15","UDP","292","53","60280","N/A","0x00","25960"
"115","19:41:13","10.0.2.15","185.125.190.96","TCP","74","41820","80","SYN","0x00","61560"
"116","19:41:14","185.125.190.96","10.0.2.15","TCP","60","80","41820","SYN ACK","0x08","25961"
"117","19:41:14","10.0.2.15","185.125.190.96","TCP","54","41820","80","ACK","0x00","61561"
"118","19:41:14","10.0.2.15","185.125.190.96","TCP","141","41820","80","ACK PSH","0x00","61562"
"119","19:41:14","185.125.190.96","10.0.2.15","TCP","60","80","41820","ACK","0x08","25962"
"120","19:41:14","185.125.190.96","10.0.2.15","TCP","239","80","41820","ACK PSH","0x08","25963"
"121","19:41:14","10.0.2.15","185.125.190.96","TCP","54","41820","80","ACK","0x00","61563"
"122","19:41:14","10.0.2.15","185.125.190.96","TCP","54","41820","80","ACK FIN","0x00","61564"
"123","19:41:14","185.125.190.96","10.0.2.15","TCP","60","80","41820","ACK FIN","0x08","25964"
"124","19:41:14","10.0.2.15","185.125.190.96","TCP","54","41820","80","ACK","0x00","61565"
"125","19:41:14","185.125.190.96","10.0.2.15","TCP","60","80","41820","ACK FIN","0x08","25965"
"126","19:41:14","10.0.2.15","40.89.244.232","ICMP","98","8","0","N/A","0x00","7566"
"127","19:41:14","40.89.244.232","10.0.2.15","ICMP","98","0","0","N/A","0x00","25966"
"128","19:41:14","10.0.2.15","10.0.2.3","UDP","97","41864","53","N/A","0x00","42655"
"129","19:41:14","10.0.2.3","10.0.2.15","UDP","97","53","41864","N/A","0x00","25967"
"130","19:41:14","10.0.2.15","10.0.2.3","UDP","86","41864","53","N/A","0x00","42656"
"131","19:41:14","10.0.2.3","10.0.2.15","UDP","86","53","41864","N/A","0x00","25968"
"132","19:41:15","10.0.2.15","40.89.244.232","ICMP","98","8","0","N/A","0x00","8213"
"133","19:41:15","40.89.244.232","10.0.2.15","ICMP","98","0","0","N/A","0x00","25969"
"134","19:41:15","10.0.2.15","10.0.2.3","UDP","97","53878","53","N/A","0x00","54508"
"135","19:41:15","10.0.2.3","10.0.2.15","UDP","97","53","53878","N/A","0x00","25970"
"136","19:41:15","10.0.2.15","10.0.2.3","UDP","86","53878","53","N/A","0x00","54509"
"137","19:41:15","10.0.2.3","10.0.2.15","UDP","86","53","53878","N/A","0x00","25971"
"138","19:41:15","10.0.2.15","10.0.2.3","UDP","100","37420","53","N/A","0x00","55237"
"139","19:41:15","10.0.2.3","10.0.2.15","UDP","436","53","37420","N/A","0x00","25972"
"140","19:41:16","10.0.2.15","40.89.244.232","ICMP","98","8","0","N/A","0x00","8880"
"141","19:41:16","40.89.244.232","10.0.2.15","ICMP","98","0","0","N/A","0x00","25973"
"142","19:41:16","10.0.2.15","10.0.2.3","UDP","97","37673","53","N/A","0x00","23391"
"143","19:41:16","10.0.2.3","10.0.2.15","UDP","97","53","37673","N/A","0x00","25974"
"144","19:41:16","10.0.2.15","10.0.2.3","UDP","86","37673","53","N/A","0x00","23392"
"145","19:41:16","10.0.2.3","10.0.2.15","UDP","86","53","37673","N/A","0x00","25975"
"146","19:41:17","10.0.2.15","40.89.244.232","ICMP","98","8","0","N/A","0x00","9270"
"147","19:41:17","40.89.244.232","10.0.2.15","ICMP","98","0","0","N/A","0x00","25976"
"148","19:41:17","10.0.2.15","10.0.2.3","UDP","97","57787","53","N/A","0x00","5015"
"149","19:41:17","10.0.2.3","10.0.2.15","UDP","97","53","57787","N/A","0x00","25977"
"150","19:41:17","10.0.2.15","10.0.2.3","UDP","86","57787","53","N/A","0x00","5016"
"151","19:41:17","10.0.2.3","10.0.2.15","UDP","86","53","57787","N/A","0x00","25978"
"152","19:41:18","10.0.2.15","40.89.244.232","ICMP","98","8","0","N/A","0x00","9364"
"153","19:41:18","40.89.244.232","10.0.2.15","ICMP","98","0","0","N/A","0x00","25979"
"154","19:41:18","10.0.2.15","10.0.2.3","UDP","97","52972","53","N/A","0x00","16429"
"155","19:41:18","10.0.2.3","10.0.2.15","UDP","97","53","52972","N/A","0x00","25980"
"156","19:41:18","10.0.2.15","10.0.2.3","UDP","86","52972","53","N/A","0x00","16430"
"157","19:41:18","10.0.2.3","10.0.2.15","UDP","86","53","52972","N/A","0x00","25981"
"158","19:41:19","10.0.2.15","40.89.244.232","ICMP","98","8","0","N/A","0x00","10303"
"159","19:41:19","40.89.244.232","10.0.2.15","ICMP","98","0","0","N/A","0x00","25982"
"160","19:41:19","10.0.2.15","10.0.2.3","UDP","97","58693","53","N/A","0x00","4711"
"161","19:41:19","10.0.2.3","10.0.2.15","UDP","97","53","58693","N/A","0x00","25983"
"162","19:41:19","10.0.2.15","10.0.2.3","UDP","86","58693","53","N/A","0x00","4712"
"163","19:41:19","10.0.2.3","10.0.2.15","UDP","86","53","58693","N/A","0x00","25984"
"164","19:41:20","10.0.2.15","40.89.244.232","ICMP","98","8","0","N/A","0x00","10430"
"165","19:41:20","40.89.244.232","10.0.2.15","ICMP","98","0","0","N/A","0x00","25985"
"166","19:41:20","10.0.2.15","10.0.2.3","UDP","97","49340","53","N/A","0x00","23052"
"167","19:41:20","10.0.2.3","10.0.2.15","UDP","97","53","49340","N/A","0x00","25986"
"168","19:41:20","10.0.2.15","10.0.2.3","UDP","86","49340","53","N/A","0x00","23053"
"169","19:41:20","10.0.2.3","10.0.2.15","UDP","86","53","49340","N/A","0x00","25987"
"170","19:41:21","10.0.2.15","40.89.244.232","ICMP","98","8","0","N/A","0x00","10842"
"171","19:41:21","40.89.244.232","10.0.2.15","ICMP","98","0","0","N/A","0x00","25988"
"172","19:41:21","10.0.2.15","10.0.2.3","UDP","97","52125","53","N/A","0x00","15210"
"173","19:41:21","10.0.2.3","10.0.2.15","UDP","97","53","52125","N/A","0x00","25989"
"174","19:41:21","10.0.2.15","10.0.2.3","UDP","86","52125","53","N/A","0x00","15211"
"175","19:41:21","10.0.2.3","10.0.2.15","UDP","86","53","52125","N/A","0x00","25990"
"176","19:41:22","10.0.2.15","40.89.244.232","ICMP","98","8","0","N/A","0x00","10920"
"177","19:41:22","40.89.244.232","10.0.2.15","ICMP","98","0","0","N/A","0x00","25991"
"178","19:41:22","10.0.2.15","10.0.2.3","UDP","97","53015","53","N/A","0x00","43811"
"179","19:41:22","10.0.2.3","10.0.2.15","UDP","97","53","53015","N/A","0x00","25992"
"180","19:41:22","10.0.2.15","10.0.2.3","UDP","86","53015","53","N/A","0x00","43812"
"181","19:41:22","10.0.2.3","10.0.2.15","UDP","86","53","53015","N/A","0x00","25993"
"182","19:41:23","10.0.2.15","40.89.244.232","ICMP","98","8","0","N/A","0x00","11776"
"183","19:41:23","40.89.244.232","10.0.2.15","ICMP","98","0","0","N/A","0x00","25994"
"184","19:41:23","10.0.2.15","10.0.2.3","UDP","97","39161","53","N/A","0x00","45817"
"185","19:41:23","10.0.2.3","10.0.2.15","UDP","97","53","39161","N/A","0x00","25995"
"186","19:41:23","10.0.2.15","10.0.2.3","UDP","86","39161","53","N/A","0x00","45818"
"187","19:41:23","10.0.2.3","10.0.2.15","UDP","86","53","39161","N/A","0x00","25996"
"188","19:41:24","10.0.2.15","40.89.244.232","ICMP","98","8","0","N/A","0x00","12636"
"189","19:41:24","40.89.244.232","10.0.2.15","ICMP","98","0","0","N/A","0x00","25997"
"190","19:41:24","10.0.2.15","10.0.2.3","UDP","97","42498","53","N/A","0x00","16729"
"191","19:41:24","10.0.2.3","10.0.2.15","UDP","97","53","42498","N/A","0x00","25998"
"192","19:41:24","10.0.2.15","10.0.2.3","UDP","86","42498","53","N/A","0x00","16730"
"193","19:41:24","10.0.2.3","10.0.2.15","UDP","86","53","42498","N/A","0x00","25999"
"194","19:41:25","10.0.2.15","40.89.244.232","ICMP","98","8","0","N/A","0x00","13475"
"195","19:41:25","40.89.244.232","10.0.2.15","ICMP","98","0","0","N/A","0x00","26000"
"196","19:41:25","10.0.2.15","10.0.2.3","UDP","97","60067","53","N/A","0x00","45443"
"197","19:41:25","10.0.2.3","10.0.2.15","UDP","97","53","60067","N/A","0x00","26001"
"198","19:41:25","10.0.2.15","10.0.2.3","UDP","86","60067","53","N/A","0x00","45444"
"199","19:41:25","10.0.2.3","10.0.2.15","UDP","86","53","60067","N/A","0x00","26002"
"200","19:41:26","10.0.2.15","40.89.244.232","ICMP","98","8","0","N/A","0x00","13976"
"201","19:41:26","40.89.244.232","10.0.2.15","ICMP","98","0","0","N/A","0x00","26003"
"202","19:41:26","10.0.2.15","10.0.2.3","UDP","97","41327","53","N/A","0x00","13874"
"203","19:41:26","10.0.2.3","10.0.2.15","UDP","97","53","41327","N/A","0x00","26004"
"204","19:41:26","10.0.2.15","10.0.2.3","UDP","86","41327","53","N/A","0x00","13875"
"205","19:41:26","10.0.2.3","10.0.2.15","UDP","86","53","41327","N/A","0x00","26005"
"206","19:41:27","10.0.2.15","40.89.244.232","ICMP","98","8","0","N/A","0x00","14822"
"207","19:41:27","40.89.244.232","10.0.2.15","ICMP","98","0","0","N/A","0x00","26006"
"208","19:41:27","10.0.2.15","10.0.2.3","UDP","97","36328","53","N/A","0x00","14976"
"209","19:41:27","10.0.2.3","10.0.2.15","UDP","97","53","36328","N/A","0x00","26007"
"210","19:41:27","10.0.2.15","10.0.2.3","UDP","86","36328","53","N/A","0x00","14977"
"211","19:41:27","10.0.2.3","10.0.2.15","UDP","86","53","36328","N/A","0x00","26008"
"212","19:41:28","10.0.2.15","40.89.244.232","ICMP","98","8","0","N/A","0x00","15071"
"213","19:41:28","40.89.244.232","10.0.2.15","ICMP","98","0","0","N/A","0x00","26009"
"214","19:41:28","10.0.2.15","10.0.2.3","UDP","97","39821","53","N/A","0x00","36561"
"215","19:41:28","10.0.2.3","10.0.2.15","UDP","97","53","39821","N/A","0x00","26010"
"216","19:41:28","10.0.2.15","10.0.2.3","UDP","86","39821","53","N/A","0x00","36562"
"217","19:41:28","10.0.2.3","10.0.2.15","UDP","86","53","39821","N/A","0x00","26011"
"218","19:41:29","10.0.2.15","40.89.244.232","ICMP","98","8","0","N/A","0x00","15997"
"219","19:41:29","40.89.244.232","10.0.2.15","ICMP","98","0","0","N/A","0x00","26012"
"220","19:41:29","10.0.2.15","10.0.2.3","UDP","97","47393","53","N/A","0x00","11832"
"221","19:41:29","10.0.2.3","10.0.2.15","UDP","97","53","47393","N/A","0x00","26013"
"222","19:41:29","10.0.2.15","10.0.2.3","UDP","86","47393","53","N/A","0x00","11833"
"223","19:41:29","10.0.2.3","10.0.2.15","UDP","86","53","47393","N/A","0x00","26014"
"224","19:41:30","10.0.2.15","40.89.244.232","ICMP","98","8","0","N/A","0x00","16171"
"225","19:41:30","40.89.244.232","10.0.2.15","ICMP","98","0","0","N/A","0x00","26015"
"226","19:41:30","10.0.2.15","10.0.2.3","UDP","97","49262","53","N/A","0x00","42486"
"227","19:41:30","10.0.2.3","10.0.2.15","UDP","97","53","49262","N/A","0x00","26016"
"228","19:41:30","10.0.2.15","10.0.2.3","UDP","86","49262","53","N/A","0x00","42487"
"229","19:41:30","10.0.2.3","10.0.2.15","UDP","86","53","49262","N/A","0x00","26017"
"230","19:41:31","10.0.2.15","40.89.244.232","ICMP","98","8","0","N/A","0x00","16276"
"231","19:41:31","40.89.244.232","10.0.2.15","ICMP","98","0","0","N/A","0x00","26018"
"232","19:41:31","10.0.2.15","10.0.2.3","UDP","97","58352","53","N/A","0x00","56541"
"233","19:41:31","10.0.2.3","10.0.2.15","UDP","97","53","58352","N/A","0x00","26019"
"234","19:41:31","10.0.2.15","10.0.2.3","UDP","86","58352","53","N/A","0x00","56542"
"235","19:41:31","10.0.2.3","10.0.2.15","UDP","86","53","58352","N/A","0x00","26020"
"236","19:41:32","10.0.2.15","40.89.244.232","ICMP","98","8","0","N/A","0x00","16963"
"237","19:41:32","40.89.244.232","10.0.2.15","ICMP","98","0","0","N/A","0x00","26021"
"238","19:41:32","10.0.2.15","10.0.2.3","UDP","97","33529","53","N/A","0x00","31721"
"239","19:41:32","10.0.2.3","10.0.2.15","UDP","97","53","33529","N/A","0x00","26022"
"240","19:41:32","10.0.2.15","10.0.2.3","UDP","86","33529","53","N/A","0x00","31722"
"241","19:41:32","10.0.2.3","10.0.2.15","UDP","86","53","33529","N/A","0x00","26023"
"242","19:41:33","10.0.2.15","40.89.244.232","ICMP","98","8","0","N/A","0x00","17974"
"243","19:41:33","40.89.244.232","10.0.2.15","ICMP","98","0","0","N/A","0x00","26024"
"244","19:41:33","10.0.2.15","10.0.2.3","UDP","97","44887","53","N/A","0x00","51142"
"245","19:41:33","10.0.2.3","10.0.2.15","UDP","97","53","44887","N/A","0x00","26025"
"246","19:41:33","10.0.2.15","10.0.2.3","UDP","86","44887","53","N/A","0x00","51143"
"247","19:41:33","10.0.2.3","10.0.2.15","UDP","86","53","44887","N/A","0x00","26026"
"248","19:41:34","10.0.2.15","40.89.244.232","ICMP","98","8","0","N/A","0x00","18605"
"249","19:41:34","40.89.244.232","10.0.2.15","ICMP","98","0","0","N/A","0x00","26027"
"250","19:41:34","10.0.2.15","10.0.2.3","UDP","97","57138","53","N/A","0x00","2746"
"251","19:41:34","10.0.2.3","10.0.2.15","UDP","97","53","57138","N/A","0x00","26028"
"252","19:41:34","10.0.2.15","10.0.2.3","UDP","86","57138","53","N/A","0x00","2747"
"253","19:41:34","10.0.2.3","10.0.2.15","UDP","86","53","57138","N/A","0x00","26029"
"254","19:41:35","10.0.2.15","40.89.244.232","ICMP","98","8","0","N/A","0x00","19471"
"255","19:41:35","40.89.244.232","10.0.2.15","ICMP","98","0","0","N/A","0x00","26030"
"256","19:41:35","10.0.2.15","10.0.2.3","UDP","97","60967","53","N/A","0x00","54884"
"257","19:41:35","10.0.2.3","10.0.2.15","UDP","97","53","60967","N/A","0x00","26031"
"258","19:41:35","10.0.2.15","10.0.2.3","UDP","86","60967","53","N/A","0x00","54885"
"259","19:41:35","10.0.2.3","10.0.2.15","UDP","86","53","60967","N/A","0x00","26032"
"260","19:41:35","10.0.2.15","148.211.120.175","TCP","54","40276","443","ACK","0x00","9102"
"261","19:41:35","10.0.2.15","148.211.120.175","TCP","54","40304","443","ACK","0x00","58183"
"262","19:41:35","10.0.2.15","148.211.120.175","TCP","54","40330","443","ACK","0x00","39264"
"263","19:41:35","10.0.2.15","148.211.120.175","TCP","54","40280","443","ACK","0x00","16562"
"264","19:41:35","10.0.2.15","148.211.120.175","TCP","54","40296","443","ACK","0x00","46710"
"265","19:41:35","148.211.120.175","10.0.2.15","TCP","60","443","40276","ACK","0x00","26033"
"266","19:41:35","148.211.120.175","10.0.2.15","TCP","60","443","40304","ACK","0x00","26034"
"267","19:41:35","148.211.120.175","10.0.2.15","TCP","60","443","40330","ACK","0x00","26035"
"268","19:41:35","148.211.120.175","10.0.2.15","TCP","60","443","40280","ACK","0x00","26036"
"269","19:41:35","148.211.120.175","10.0.2.15","TCP","60","443","40296","ACK","0x00","26037"
"270","19:41:36","10.0.2.15","40.89.244.232","ICMP","98","8","0","N/A","0x00","20215"
"271","19:41:36","40.89.244.232","10.0.2.15","ICMP","98","0","0","N/A","0x00","26038"
"272","19:41:36","10.0.2.15","10.0.2.3","UDP","97","49526","53","N/A","0x00","5799"
"273","19:41:36","10.0.2.3","10.0.2.15","UDP","97","53","49526","N/A","0x00","26039"
"274","19:41:36","10.0.2.15","10.0.2.3","UDP","86","49526","53","N/A","0x00","5800"
"275","19:41:36","10.0.2.3","10.0.2.15","UDP","86","53","49526","N/A","0x00","26040"
"276","19:41:37","10.0.2.15","40.89.244.232","ICMP","98","8","0","N/A","0x00","20857"
"277","19:41:37","40.89.244.232","10.0.2.15","ICMP","98","0","0","N/A","0x00","26041"
"278","19:41:37","10.0.2.15","10.0.2.3","UDP","97","60366","53","N/A","0x00","64332"
"279","19:41:37","10.0.2.3","10.0.2.15","UDP","97","53","60366","N/A","0x00","26042"
"280","19:41:37","10.0.2.15","10.0.2.3","UDP","86","60366","53","N/A","0x00","64333"
"281","19:41:37","10.0.2.3","10.0.2.15","UDP","86","53","60366","N/A","0x00","26043"
"282","19:41:38","10.0.2.15","40.89.244.232","ICMP","98","8","0","N/A","0x00","21750"
"283","19:41:38","40.89.244.232","10.0.2.15","ICMP","98","0","0","N/A","0x00","26044"
"284","19:41:38","10.0.2.15","10.0.2.3","UDP","97","56821","53","N/A","0x00","17875"
"285","19:41:38","10.0.2.3","10.0.2.15","UDP","97","53","56821","N/A","0x00","26045"
"286","19:41:38","10.0.2.15","10.0.2.3","UDP","86","56821","53","N/A","0x00","17876"
"287","19:41:38","10.0.2.3","10.0.2.15","UDP","86","53","56821","N/A","0x00","26046"
"288","19:41:39","10.0.2.15","40.89.244.232","ICMP","98","8","0","N/A","0x00","22061"
"289","19:41:39","40.89.244.232","10.0.2.15","ICMP","98","0","0","N/A","0x00","26047"
"290","19:41:39","10.0.2.15","10.0.2.3","UDP","97","59921","53","N/A","0x00","23878"
"291","19:41:39","10.0.2.3","10.0.2.15","UDP","97","53","59921","N/A","0x00","26048"
"292","19:41:39","10.0.2.15","10.0.2.3","UDP","86","59921","53","N/A","0x00","23879"
"293","19:41:39","10.0.2.3","10.0.2.15","UDP","86","53","59921","N/A","0x00","26049"
"294","19:41:39","10.0.2.15","148.211.120.175","TCP","54","40314","443","ACK","0x00","25124"
"295","19:41:39","148.211.120.175","10.0.2.15","TCP","60","443","40314","ACK","0x00","26050"
"296","19:41:40","10.0.2.15","40.89.244.232","ICMP","98","8","0","N/A","0x00","22765"
"297","19:41:40","40.89.244.232","10.0.2.15","ICMP","98","0","0","N/A","0x00","26051"
"298","19:41:40","10.0.2.15","10.0.2.3","UDP","97","55059","53","N/A","0x00","56255"
"299","19:41:40","10.0.2.3","10.0.2.15","UDP","97","53","55059","N/A","0x00","26052"
"300","19:41:40","10.0.2.15","10.0.2.3","UDP","86","55059","53","N/A","0x00","56256"
"301","19:41:40","10.0.2.3","10.0.2.15","UDP","86","53","55059","N/A","0x00","26053"
"302","19:41:41","10.0.2.15","40.89.244.232","ICMP","98","8","0","N/A","0x00","22798"
"303","19:41:41","40.89.244.232","10.0.2.15","ICMP","98","0","0","N/A","0x00","26054"
"304","19:41:41","10.0.2.15","10.0.2.3","UDP","97","51022","53","N/A","0x00","41788"
"305","19:41:41","10.0.2.3","10.0.2.15","UDP","97","53","51022","N/A","0x00","26055"
"306","19:41:41","10.0.2.15","10.0.2.3","UDP","86","51022","53","N/A","0x00","41789"
"307","19:41:41","10.0.2.3","10.0.2.15","UDP","86","53","51022","N/A","0x00","26056"
"308","19:41:42","10.0.2.15","40.89.244.232","ICMP","98","8","0","N/A","0x00","22907"
"309","19:41:42","40.89.244.232","10.0.2.15","ICMP","98","0","0","N/A","0x00","26057"
"310","19:41:42","10.0.2.15","10.0.2.3","UDP","97","46441","53","N/A","0x00","52364"
"311","19:41:42","10.0.2.3","10.0.2.15","UDP","97","53","46441","N/A","0x00","26058"
"312","19:41:42","10.0.2.15","10.0.2.3","UDP","86","46441","53","N/A","0x00","52365"
"313","19:41:42","10.0.2.3","10.0.2.15","UDP","86","53","46441","N/A","0x00","26059"
"314","19:41:43","10.0.2.15","40.89.244.232","ICMP","98","8","0","N/A","0x00","23702"
"315","19:41:43","40.89.244.232","10.0.2.15","ICMP","98","0","0","N/A","0x00","26060"
"316","19:41:43","10.0.2.15","10.0.2.3","UDP","97","49758","53","N/A","0x00","7647"
"317","19:41:43","10.0.2.3","10.0.2.15","UDP","97","53","49758","N/A","0x00","26061"
"318","19:41:43","10.0.2.15","10.0.2.3","UDP","86","49758","53","N/A","0x00","7648"
"319","19:41:43","10.0.2.3","10.0.2.15","UDP","86","53","49758","N/A","0x00","26062"
"320","19:41:44","10.0.2.15","40.89.244.232","ICMP","98","8","0","N/A","0x00","24041"
"321","19:41:44","40.89.244.232","10.0.2.15","ICMP","98","0","0","N/A","0x00","26063"
"322","19:41:44","10.0.2.15","10.0.2.3","UDP","97","55797","53","N/A","0x00","46437"
"323","19:41:44","10.0.2.3","10.0.2.15","UDP","97","53","55797","N/A","0x00","26064"
"324","19:41:44","10.0.2.15","10.0.2.3","UDP","86","55797","53","N/A","0x00","46438"
"325","19:41:44","10.0.2.3","10.0.2.15","UDP","86","53","55797","N/A","0x00","26065"
